rodada,atleta_id,apelido,posicao,clube,clube adversario,mando,pontos_com_bonus,pontos,pontos_previstos,capitao,reserva,substituiu_apelido
10,104084,Carlos Miguel,GOL,Palmeiras,Bahia,FORA,,,4.033295625182806,False,False,
10,96591,Renan Lodi,LAT,Atlético-MG,Athlético-PR,CASA,,,5.619717593989424,False,False,
10,116065,Cuiabano,LAT,Vasco,Botafogo,CASA,,,5.174273154331516,False,False,
10,97867,Léo Ortiz,ZAG,Flamengo,Santos,CASA,,,4.4192542039135505,False,False,
10,100842,Ruan,ZAG,Atlético-MG,Athlético-PR,CASA,,,3.632632708923953,False,False,
10,94930,Lucas Paquetá,MEI,Flamengo,Santos,CASA,,,4.9251464473857,False,False,
10,89274,Andreas Pereira,MEI,Palmeiras,Bahia,FORA,,,4.713894666631364,False,False,
10,87863,Arrascaeta,MEI,Flamengo,Santos,CASA,,,4.236869102221001,False,False,
10,105563,Carlos Vinícius,ATA,Grêmio,REM,CASA,,,8.322987198019131,True,False,
10,98909,Cuello,ATA,Atlético-MG,Athlético-PR,CASA,,,5.6671759320611494,False,False,
10,123648,Lucas Ronier,ATA,Coritiba,Fluminense,CASA,,,5.322046594661223,False,False,
10,88963,Leonardo Jardim,TEC,Flamengo,Santos,CASA,,,7.39228883569977,False,False,
11,68928,Rafael,GOL,São Paulo,Vitória,FORA,,,4.457149455042793,False,False,
11,116065,Cuiabano,LAT,Vasco,REM,FORA,,,4.852953403279298,False,False,
11,112709,Kaiki Bruno,LAT,Cruzeiro,Bragantino,CASA,,,4.500983877060043,False,False,
11,93368,Lucas Veríssimo,ZAG,Santos,Atlético-MG,CASA,,,3.2238089669662173,False,False,
11,90768,Fabrício Bruno,ZAG,Cruzeiro,Bragantino,CASA,,,2.9159365171698064,False,False,
11,104502,Christian,MEI,Cruzeiro,Bragantino,CASA,,,5.1625294249449984,True,False,
11,94930,Lucas Paquetá,MEI,Flamengo,Fluminense,FORA,,,4.350498663159259,False,False,
11,96610,Matheus Pereira,MEI,Cruzeiro,Bragantino,CASA,,,3.6060139584072073,False,True,
11,95131,Gabriel Taliari,ATA,REM,Vasco,CASA,,,5.081291406376725,False,False,
11,143193,Viveros,ATA,Athlético-PR,CHA,CASA,,,4.52356787882623,False,False,
11,101960,Vitinho,ATA,Internacional,Grêmio,CASA,,,4.420815740626965,False,True,
11,92273,Odair Hellmann,TEC,Athlético-PR,CHA,CASA,,,5.976961018220791,False,False,
12,104084,Carlos Miguel,GOL,Palmeiras,Athlético-PR,CASA,,,4.321876645654151,False,False,
12,94968,Juninho Capixaba,LAT,Bragantino,REM,CASA,,,4.997068371318001,False,False,
12,101597,Ramon,LAT,Vitória,Corinthians,CASA,,,4.648675588714267,False,False,
12,97878,Jacy,ZAG,Coritiba,Atlético-MG,CASA,,,3.5529181066613416,False,False,
12,97867,Léo Ortiz,ZAG,Flamengo,Bahia,CASA,,,3.3319902618092616,False,True,
12,104502,Christian,MEI,Cruzeiro,Grêmio,CASA,,,5.242412498990187,False,False,
12,99815,Arias,MEI,Palmeiras,Athlético-PR,CASA,,,3.9719272309834417,False,False,
12,89274,Andreas Pereira,MEI,Palmeiras,Athlético-PR,CASA,,,3.9295206548624213,False,True,
12,112886,Lucas Barbosa,ATA,Bragantino,REM,CASA,,,6.155908987573469,True,False,
12,94583,Pedro,ATA,Flamengo,Bahia,CASA,,,6.04472932752051,False,False,
12,116706,Andrés Gómez,ATA,Vasco,São Paulo,CASA,,,5.200283401528547,False,False,
12,39850,Vagner Mancini,TEC,Bragantino,REM,CASA,,,6.389193510637207,False,False,
13,104084,Carlos Miguel,GOL,Palmeiras,Bragantino,FORA,,,4.442250584851812,False,False,
13,107093,Luciano Juba,LAT,Bahia,Santos,CASA,,,5.434797151600755,False,False,
13,105531,Matheus Bidu,LAT,Corinthians,Vasco,CASA,,,4.8997367023569804,False,False,
13,132553,Jemmes,ZAG,Fluminense,CHA,CASA,,,3.8621426929913576,False,False,
13,69208,Gabriel Paulista,ZAG,Corinthians,Vasco,CASA,,,3.341426829449516,False,False,
13,98672,Savarino,MEI,Fluminense,CHA,CASA,,,6.085342012964992,True,False,
13,116447,Hércules,MEI,Fluminense,CHA,CASA,,,5.911614270938376,False,False,
13,104502,Christian,MEI,Cruzeiro,REM,FORA,,,5.34348939843006,False,False,
13,142004,Amuzu,ATA,Grêmio,Coritiba,CASA,,,5.879609518642549,False,False,
13,89840,Calleri,ATA,São Paulo,MIR,CASA,,,5.8200058553972065,False,False,
13,94583,Pedro,ATA,Flamengo,Atlético-MG,FORA,,,4.9838481904801535,False,False,
13,99366,Luis Zubeldía,TEC,Fluminense,CHA,CASA,,,7.375628296488374,False,False,
14,99552,Rossi,GOL,Flamengo,Vasco,CASA,,,4.396464471321019,False,False,
14,110426,Bernabei,LAT,Internacional,Fluminense,CASA,,,4.865848482981083,False,False,
14,80570,Wendell,LAT,São Paulo,Bahia,CASA,,,4.585380686714124,False,False,
14,71684,Gustavo Gómez,ZAG,Palmeiras,Santos,CASA,,,3.6513329197564586,False,False,
14,83528,Léo Pereira,ZAG,Flamengo,Vasco,CASA,,,3.4893594308685367,False,True,
14,107231,Danilo,MEI,Botafogo,REM,CASA,,,6.457862522168402,False,False,
14,109987,Medina,MEI,Botafogo,REM,CASA,,,5.022597605510467,False,False,
14,104502,Christian,MEI,Cruzeiro,Atlético-MG,CASA,,,4.438500925003208,False,False,
14,94583,Pedro,ATA,Flamengo,Vasco,CASA,,,7.174403200651669,True,False,
14,113103,Flaco López,ATA,Palmeiras,Santos,CASA,,,5.9659226862889065,False,False,
14,98873,Samuel Lino,ATA,Flamengo,Vasco,CASA,,,5.543935996614082,False,False,
14,149990,Franclim Carvalho,TEC,Botafogo,REM,CASA,,,6.306431679986199,False,False,
15,99552,Rossi,GOL,Flamengo,Grêmio,FORA,,,4.645507229112787,False,False,
15,105531,Matheus Bidu,LAT,Corinthians,São Paulo,CASA,,,4.833190098555258,False,False,
15,95466,Igor Vinícius,LAT,Santos,Bragantino,CASA,,,4.804783203863485,False,False,
15,97878,Jacy,ZAG,Coritiba,Internacional,CASA,,,3.3284150337445992,False,False,
15,83528,Léo Pereira,ZAG,Flamengo,Grêmio,FORA,,,3.327257891629677,False,False,
15,98672,Savarino,MEI,Fluminense,Vitória,CASA,,,4.926951996903372,False,False,
15,98517,Jean Lucas,MEI,Bahia,Cruzeiro,CASA,,,4.586953442794144,False,False,
15,104783,Acevedo,MEI,Bahia,Cruzeiro,CASA,,,3.983285332315282,False,True,
15,94583,Pedro,ATA,Flamengo,Grêmio,FORA,,,6.085114043379074,True,False,
15,113103,Flaco López,ATA,Palmeiras,REM,FORA,,,5.755947381594095,False,False,
15,98909,Cuello,ATA,Atlético-MG,Botafogo,CASA,,,5.6390681472008914,False,False,
15,104027,Rafael Guanaes,TEC,MIR,CHA,CASA,,,6.128948992744588,False,False,
16,104084,Carlos Miguel,GOL,Palmeiras,Cruzeiro,CASA,,,4.149485550862347,False,False,
16,110426,Bernabei,LAT,Internacional,Vasco,CASA,,,4.900540968005718,False,False,
16,124526,Giay,LAT,Palmeiras,Cruzeiro,CASA,,,4.798114823550895,False,False,
16,110750,Gustavo Marques,ZAG,Bragantino,Vitória,CASA,,,3.6750919906473345,False,False,
16,71684,Gustavo Gómez,ZAG,Palmeiras,Cruzeiro,CASA,,,3.61167645059894,False,False,
16,98672,Savarino,MEI,Fluminense,São Paulo,CASA,,,4.271914198018172,False,False,
16,104783,Acevedo,MEI,Bahia,Grêmio,CASA,,,4.207302869089213,False,False,
16,141451,Allan,MEI,Palmeiras,Cruzeiro,CASA,,,4.110896401981419,False,True,
16,113103,Flaco López,ATA,Palmeiras,Cruzeiro,CASA,,,6.4506171025385495,True,False,
16,112886,Lucas Barbosa,ATA,Bragantino,Vitória,CASA,,,5.905667139382933,False,False,
16,110759,John Kennedy,ATA,Fluminense,São Paulo,CASA,,,5.646221291213965,False,False,
16,110506,Abel Ferreira,TEC,Palmeiras,Cruzeiro,CASA,,,6.181453561184441,False,False,
