rodada,atleta_id,apelido,posicao,clube,clube adversario,mando,pontos,pontos_previstos
10,99552,Rossi,GOL,Flamengo,Santos,FORA,0.3,5.452340608690495
10,116065,Cuiabano,LAT,Vasco,Botafogo,FORA,3.2,5.789461031330942
10,89275,William,LAT,Cruzeiro,São Paulo,CASA,2.4,4.695950609719787
10,101908,Willian Machado,ZAG,MIR,Bragantino,FORA,0.0,4.884393441712418
10,71684,Gustavo Gómez,ZAG,Palmeiras,Bahia,CASA,0.0,3.2299218240173024
10,141451,Allan,MEI,Palmeiras,Bahia,CASA,4.0,6.569971442924907
10,96610,Matheus Pereira,MEI,Cruzeiro,São Paulo,CASA,4.9,5.59486321069032
10,89274,Andreas Pereira,MEI,Palmeiras,Bahia,CASA,2.6,5.440465557867177
10,113103,Flaco López,ATA,Palmeiras,Bahia,CASA,6.4,5.375588152300488
10,98873,Samuel Lino,ATA,Flamengo,Santos,FORA,2.5,5.252179592417684
10,94583,Pedro,ATA,Flamengo,Santos,FORA,9.0,4.741213003867643
10,110506,Abel Ferreira,TEC,Palmeiras,Bahia,CASA,5.04,7.519414139179397
11,99552,Rossi,GOL,Flamengo,Fluminense,CASA,4.2,5.195514811325977
11,94968,Juninho Capixaba,LAT,Bragantino,Cruzeiro,FORA,6.2,4.2420553419450195
11,84339,Bruno Melo,LAT,Coritiba,Botafogo,CASA,5.8,4.109813705549424
11,97867,Léo Ortiz,ZAG,Flamengo,Fluminense,CASA,1.2,3.9869002150339936
11,117330,Robert Renan,ZAG,Vasco,REM,CASA,0.2,3.8022652117141584
11,94930,Lucas Paquetá,MEI,Flamengo,Fluminense,CASA,2.7,5.89216119436355
11,87863,Arrascaeta,MEI,Flamengo,Fluminense,CASA,1.7,5.7224932057287585
11,89274,Andreas Pereira,MEI,Palmeiras,Corinthians,FORA,0.9,4.232041681320728
11,94583,Pedro,ATA,Flamengo,Fluminense,CASA,20.6,7.4138227178165
11,105563,Carlos Vinícius,ATA,Grêmio,Internacional,CASA,-1.1,6.59421791157505
11,98909,Cuello,ATA,Atlético-MG,Santos,CASA,3.6,5.697418947823787
11,88963,Leonardo Jardim,TEC,Flamengo,Fluminense,CASA,7.31,6.869994602288911
12,99552,Rossi,GOL,Flamengo,Bahia,FORA,12.8,4.711210317790778
12,94968,Juninho Capixaba,LAT,Bragantino,REM,FORA,0.1,4.790433431433472
12,112709,Kaiki Bruno,LAT,Cruzeiro,Grêmio,CASA,7.4,4.4471365669400695
12,106593,Villalba,ZAG,Cruzeiro,Grêmio,CASA,-1.0,4.13320970328054
12,132553,Jemmes,ZAG,Fluminense,Santos,CASA,1.1,3.4234229406694383
12,104502,Christian,MEI,Cruzeiro,Grêmio,CASA,9.5,4.819381341722174
12,89274,Andreas Pereira,MEI,Palmeiras,Athlético-PR,FORA,1.8,4.56165748727449
12,87863,Arrascaeta,MEI,Flamengo,Bahia,FORA,13.0,3.9468328007166367
12,103445,Kaio Jorge,ATA,Cruzeiro,Grêmio,CASA,2.1,5.819569930113805
12,90031,Mendoza,ATA,Athlético-PR,Palmeiras,CASA,3.2,5.120544166888391
12,116706,Andrés Gómez,ATA,Vasco,São Paulo,FORA,16.9,4.948882828887074
12,104027,Rafael Guanaes,TEC,MIR,Internacional,CASA,6.54,6.42392267461578
13,51413,Walter,GOL,MIR,São Paulo,FORA,-1.0,4.857218493162249
13,124526,Giay,LAT,Palmeiras,Bragantino,CASA,11.9,4.524414728869303
13,112709,Kaiki Bruno,LAT,Cruzeiro,REM,CASA,11.4,4.171636740442593
13,97867,Léo Ortiz,ZAG,Flamengo,Atlético-MG,CASA,6.7,3.4882767809340067
13,97460,João Victor,ZAG,MIR,São Paulo,FORA,2.7,3.3671291054407093
13,89274,Andreas Pereira,MEI,Palmeiras,Bragantino,CASA,0.9,6.892736165887347
13,104502,Christian,MEI,Cruzeiro,REM,CASA,0.9,4.642522563947864
13,141451,Allan,MEI,Palmeiras,Bragantino,CASA,6.0,4.417550571639352
13,98873,Samuel Lino,ATA,Flamengo,Atlético-MG,CASA,12.0,4.932094502745269
13,116706,Andrés Gómez,ATA,Vasco,Corinthians,CASA,4.3,4.901857063052032
13,94583,Pedro,ATA,Flamengo,Atlético-MG,CASA,15.6,4.794310760939186
13,127273,Artur Jorge,TEC,Cruzeiro,REM,CASA,7.21,6.810848385713214
14,87008,Léo Jardim,GOL,Vasco,Flamengo,FORA,1.9,4.406201637750804
14,107093,Luciano Juba,LAT,Bahia,São Paulo,CASA,10.5,4.279399805734497
14,73384,Samuel Xavier,LAT,Fluminense,Internacional,CASA,3.4,3.9848683389098665
14,113034,Freytes,ZAG,Fluminense,Internacional,CASA,3.2,4.654620547360413
14,69208,Gabriel Paulista,ZAG,Corinthians,MIR,CASA,-1.6,3.1605638939419705
14,96610,Matheus Pereira,MEI,Cruzeiro,Atlético-MG,FORA,2.7,5.125889694719901
14,98672,Savarino,MEI,Fluminense,Internacional,CASA,5.4,4.499869835916542
14,116447,Hércules,MEI,Fluminense,Internacional,CASA,1.2,4.266525396668113
14,106104,Enamorado,ATA,Grêmio,Athlético-PR,CASA,1.5,5.542757113739519
14,132071,Serna,ATA,Fluminense,Internacional,CASA,0.9,5.28895090592733
14,103445,Kaio Jorge,ATA,Cruzeiro,Atlético-MG,FORA,13.0,4.914211970253293
14,99366,Luis Zubeldía,TEC,Fluminense,Internacional,CASA,3.51,8.649695613721597
15,72018,Tiago Volpi,GOL,Bragantino,Santos,FORA,-0.7,5.254595985223703
15,106708,Igor Formiga,LAT,MIR,CHA,CASA,5.0,4.810026585922137
15,78850,Reinaldo,LAT,MIR,CHA,CASA,6.9,4.521092530494531
15,90768,Fabrício Bruno,ZAG,Cruzeiro,Bahia,CASA,0.4,3.3558578452845054
15,83528,Léo Pereira,ZAG,Flamengo,Grêmio,CASA,5.2,2.9869734348377426
15,96610,Matheus Pereira,MEI,Cruzeiro,Bahia,CASA,4.3,5.6931673654784225
15,105436,Carrascal,MEI,Flamengo,Grêmio,CASA,15.2,4.620046921961277
15,89256,Gerson,MEI,Cruzeiro,Bahia,CASA,7.5,3.9518291886743753
15,94583,Pedro,ATA,Flamengo,Grêmio,CASA,0.4,5.875241416244165
15,98873,Samuel Lino,ATA,Flamengo,Grêmio,CASA,2.8,4.932313043381012
15,103445,Kaio Jorge,ATA,Cruzeiro,Bahia,CASA,2.0,4.7812822468979475
15,88963,Leonardo Jardim,TEC,Flamengo,Grêmio,CASA,8.44,6.728443399364018
