rodada,mae_predicao,pts_modelo,pts_teto,eficiencia,budget_usado
20,1.6148933938775905,49.099999999999994,190.73,0.25743197189744665,107.7
21,1.696534735565593,169.46000000000004,252.26,0.6717672242923969,158.92999999999998
22,1.7724938429406045,75.85999999999997,153.53000000000003,0.49410538656939984,148.86
23,1.7484060700796737,96.5,182.9,0.5276107162383816,139.35000000000002
24,1.7135843136951816,39.7,162.06,0.24497099839565595,143.95
25,1.6037200521726376,92.36000000000001,186.79999999999995,0.4944325481798717,128.60999999999999
26,1.6024022880344635,98.44,182.64000000000001,0.5389837932544896,140.1
27,1.5663582700165397,81.22,168.09,0.48319352727705395,130.45000000000002
28,1.6338074607552242,112.34,194.74,0.5768717264044366,122.57
29,1.588197190931781,96.48,180.60000000000002,0.53421926910299,125.44
30,1.6699072316286498,67.71000000000001,185.82000000000002,0.3643848886018728,117.78999999999999
31,1.66302376989474,54.57,172.54000000000002,0.31627448707546074,125.49000000000002
32,1.6710692433606276,92.54,169.34,0.5464745482461321,127.28999999999999
