rodada,atleta_id,apelido,posicao,clube,clube adversario,mando,pontos_com_bonus,pontos,pontos_previstos,capitao,reserva,substituiu_apelidosubstituiu_atleta_id
10,104084,Carlos Miguel,GOL,Palmeiras,Bahia,FORA,,,4.073152345315243,False,,
10,116065,Cuiabano,LAT,Vasco,Botafogo,CASA,,,6.3726033395917305,False,,
10,106708,Igor Formiga,LAT,MIR,Bragantino,CASA,,,5.155541087347265,False,,
10,97867,Léo Ortiz,ZAG,Flamengo,Santos,CASA,,,4.1961516105386085,False,,
10,101393,Eduardo Doma,ZAG,CHA,Vitória,CASA,,,3.9463042294133492,False,,
10,94930,Lucas Paquetá,MEI,Flamengo,Santos,CASA,,,6.3588730360489185,False,,
10,89274,Andreas Pereira,MEI,Palmeiras,Bahia,FORA,,,5.256107286447241,False,,
10,87863,Arrascaeta,MEI,Flamengo,Santos,CASA,,,4.418227839328342,False,,
10,105563,Carlos Vinícius,ATA,Grêmio,REM,CASA,,,8.258217703648015,True,,
10,94583,Pedro,ATA,Flamengo,Santos,CASA,,,7.434860569185513,False,,
10,98873,Samuel Lino,ATA,Flamengo,Santos,CASA,,,6.80978762809335,False,,
10,88963,Leonardo Jardim,TEC,Flamengo,Santos,CASA,,,7.468573824109186,False,,
11,68928,Rafael,GOL,São Paulo,Vitória,FORA,,,4.969024018358917,False,,
11,116065,Cuiabano,LAT,Vasco,REM,FORA,,,5.547470519222729,False,,
11,112709,Kaiki Bruno,LAT,Cruzeiro,Bragantino,CASA,,,5.353402277131365,False,,
11,90768,Fabrício Bruno,ZAG,Cruzeiro,Bragantino,CASA,,,3.9601011062023668,False,,
11,93368,Lucas Veríssimo,ZAG,Santos,Atlético-MG,CASA,,,3.7710777381675045,False,,
11,104502,Christian,MEI,Cruzeiro,Bragantino,CASA,,,4.502945070399976,False,,
11,94930,Lucas Paquetá,MEI,Flamengo,Fluminense,FORA,,,4.19826932608713,False,,
11,125746,Dudu,MEI,Athlético-PR,CHA,CASA,,,3.89575474196331,False,,
11,95131,Gabriel Taliari,ATA,REM,Vasco,CASA,,,5.832489121977269,True,,
11,98384,Negueba,ATA,MIR,Bahia,CASA,,,4.815375335926417,False,,
11,116706,Andrés Gómez,ATA,Vasco,REM,FORA,,,4.787950693947298,False,,
11,104027,Rafael Guanaes,TEC,MIR,Bahia,CASA,,,6.133858381438287,False,,
12,104084,Carlos Miguel,GOL,Palmeiras,Athlético-PR,CASA,,,5.1058326171874775,False,,
12,94968,Juninho Capixaba,LAT,Bragantino,REM,CASA,,,5.687932504320932,False,,
12,105531,Matheus Bidu,LAT,Corinthians,Vitória,FORA,,,4.994985557720942,False,,
12,97878,Jacy,ZAG,Coritiba,Atlético-MG,CASA,,,4.688867705407951,False,,
12,106593,Villalba,ZAG,Cruzeiro,Grêmio,CASA,,,3.5020006780256647,False,,
12,104502,Christian,MEI,Cruzeiro,Grêmio,CASA,,,4.312622156205065,False,,
12,89274,Andreas Pereira,MEI,Palmeiras,Athlético-PR,CASA,,,3.828245148663134,False,,
12,141451,Allan,MEI,Palmeiras,Athlético-PR,CASA,,,3.651609687021784,True,,
12,112886,Lucas Barbosa,ATA,Bragantino,REM,CASA,,,6.733589417469233,False,,
12,94583,Pedro,ATA,Flamengo,Bahia,CASA,,,6.128567393493391,False,,
12,116706,Andrés Gómez,ATA,Vasco,São Paulo,CASA,,,6.0205896546838265,False,,
12,39850,Vagner Mancini,TEC,Bragantino,REM,CASA,,,6.787176375443796,False,,
13,71631,Weverton,GOL,Grêmio,Coritiba,CASA,,,4.829597946720824,False,,
13,107093,Luciano Juba,LAT,Bahia,Santos,CASA,,,6.057535322443959,False,,
13,105531,Matheus Bidu,LAT,Corinthians,Vasco,CASA,,,5.656760889690702,False,,
13,132553,Jemmes,ZAG,Fluminense,CHA,CASA,,,4.577159509592373,False,,
13,130843,Arthur Dias,ZAG,Athlético-PR,Vitória,CASA,,,3.4493980373653916,False,,
13,98672,Savarino,MEI,Fluminense,CHA,CASA,,,6.934265125208338,True,,
13,116447,Hércules,MEI,Fluminense,CHA,CASA,,,6.499852855061477,False,,
13,104502,Christian,MEI,Cruzeiro,REM,FORA,,,5.468888955934918,False,,
13,102928,Canobbio,ATA,Fluminense,CHA,CASA,,,6.233938273267625,False,,
13,142004,Amuzu,ATA,Grêmio,Coritiba,CASA,,,6.01475381244668,False,,
13,89840,Calleri,ATA,São Paulo,MIR,CASA,,,5.971959499376023,False,,
13,99366,Luis Zubeldía,TEC,Fluminense,CHA,CASA,,,7.860094241520706,False,,
14,104118,Lucas Arcanjo,GOL,Vitória,Coritiba,CASA,,,4.697803265918054,False,,
14,80570,Wendell,LAT,São Paulo,Bahia,CASA,,,5.103765647933805,False,,
14,105531,Matheus Bidu,LAT,Corinthians,MIR,FORA,,,5.039640051890401,False,,
14,102340,Cacá,ZAG,Vitória,Coritiba,CASA,,,3.755751738498286,False,,
14,71684,Gustavo Gómez,ZAG,Palmeiras,Santos,CASA,,,3.4412595876772887,False,,
14,107231,Danilo,MEI,Botafogo,REM,CASA,,,8.223029255595932,True,,
14,109987,Medina,MEI,Botafogo,REM,CASA,,,5.507377255490272,False,,
14,103388,Emmanuel Martínez,MEI,Vitória,Coritiba,CASA,,,4.57823243641906,False,,
14,94583,Pedro,ATA,Flamengo,Vasco,CASA,,,6.907560716946805,False,,
14,98873,Samuel Lino,ATA,Flamengo,Vasco,CASA,,,6.859425245326035,False,,
14,111831,Matheus Martins,ATA,Botafogo,REM,CASA,,,6.161868902639835,False,,
14,88963,Leonardo Jardim,TEC,Flamengo,Vasco,CASA,,,6.43590457752693,False,,
15,99552,Rossi,GOL,Flamengo,Grêmio,FORA,,,5.181315620387637,False,,
15,105531,Matheus Bidu,LAT,Corinthians,São Paulo,CASA,,,7.3072502741778935,False,,
15,101319,Guga,LAT,Fluminense,Vitória,CASA,,,4.867263254670732,False,,
15,97878,Jacy,ZAG,Coritiba,Internacional,CASA,,,3.89680325834867,False,,
15,117330,Robert Renan,ZAG,Vasco,Athlético-PR,CASA,,,3.2219883137996335,False,,
15,102256,Rollheiser,MEI,Santos,Bragantino,CASA,,,5.519084990337266,False,,
15,98517,Jean Lucas,MEI,Bahia,Cruzeiro,CASA,,,4.449680576480149,False,,
15,98672,Savarino,MEI,Fluminense,Vitória,CASA,,,4.140204259603867,False,,
15,94583,Pedro,ATA,Flamengo,Grêmio,FORA,,,6.058465219696209,True,,
15,113103,Flaco López,ATA,Palmeiras,REM,FORA,,,5.919141705266562,False,,
15,98909,Cuello,ATA,Atlético-MG,Botafogo,CASA,,,5.79965582316712,False,,
15,104027,Rafael Guanaes,TEC,MIR,CHA,CASA,,,6.100019209151434,False,,
