rodada,atleta_id,apelido,posicao,clube,clube adversario,mando,pontos_com_bonus,pontos,pontos_previstos,capitao,reserva,reserva_de_luxo,substituiu_apelido
20,51413,Walter,GOL,MIR,Cruzeiro,CASA,1.6,1.6,4.125686383853829,False,True,False,Rafael
20,72493,Alex Telles,LAT,Botafogo,Palmeiras,CASA,2.8,2.8,4.748622023666044,False,False,False,
20,101727,Matheuzinho,LAT,Corinthians,Bahia,CASA,-1.2,-1.2,4.621957539466182,False,False,False,
20,97867,Léo Ortiz,ZAG,Flamengo,Internacional,FORA,2.3,2.3,3.18072656664274,False,False,False,
20,105300,Ferraresi,ZAG,São Paulo,SPT,FORA,1.7,1.7,3.139111523109163,False,False,False,
20,126471,Barreal,MEI,Santos,Vasco,CASA,5.3,5.3,4.95042171674121,False,False,False,
20,99032,Lourenço,MEI,CEA,Bragantino,CASA,3.9,3.9,4.206594359699595,False,False,False,
20,87863,Arrascaeta,MEI,Flamengo,Internacional,FORA,12.1,12.1,3.93196359455883,False,True,False,Bobadilla
20,103445,Kaio Jorge,ATA,Cruzeiro,MIR,FORA,9.7,9.7,5.2567221112876386,False,False,False,
20,108713,Galeano,ATA,CEA,Bragantino,CASA,9.45,6.3,4.837406641016301,True,True,True,Samuel Lino
20,94207,Guilherme,ATA,Santos,Vasco,CASA,6.5,6.5,4.620832960841065,False,False,False,
20,70696,Fábio Carille,TEC,Vitória,Juventude,CASA,4.55,4.55,6.001477843013354,False,False,False,
21,87008,Léo Jardim,GOL,Vasco,Corinthians,CASA,2.2,2.2,4.116850343972321,False,False,False,
21,112709,Kaiki Bruno,LAT,Cruzeiro,Internacional,CASA,7.7,7.7,5.074178912698221,False,False,False,
21,91706,Marlon,LAT,Grêmio,CEA,CASA,7.2,7.2,4.675698205438208,False,False,False,
21,97867,Léo Ortiz,ZAG,Flamengo,Vitória,CASA,4.7,4.7,4.726861946440531,False,False,False,
21,105300,Ferraresi,ZAG,São Paulo,Atlético-MG,CASA,18.4,18.4,4.297787605017442,False,False,False,
21,87863,Arrascaeta,MEI,Flamengo,Vitória,CASA,20.8,20.8,5.317194429350161,False,False,False,
21,96610,Matheus Pereira,MEI,Cruzeiro,Internacional,CASA,13.9,13.9,4.414351496187737,False,False,False,
21,70592,Felipe Anderson,MEI,Palmeiras,SPT,CASA,5.3,5.3,4.129444576557914,False,False,False,
21,103445,Kaio Jorge,ATA,Cruzeiro,Internacional,CASA,20.25,13.5,6.55438381759923,True,False,False,
21,114802,Vitor Roque,ATA,Palmeiras,SPT,CASA,15.4,15.4,6.442882907679167,False,False,False,
21,98873,Samuel Lino,ATA,Flamengo,Vitória,CASA,33.1,33.1,6.079705249236834,False,False,False,
21,139076,Filipe Luís,TEC,Flamengo,Vitória,CASA,14.61,14.61,6.547772163323925,False,False,False,
22,99552,Rossi,GOL,Flamengo,Grêmio,CASA,-1.0,-1.0,4.365749279552217,False,False,False,
22,89275,William,LAT,Cruzeiro,São Paulo,CASA,6.2,6.2,5.227401809548571,False,False,False,
22,112709,Kaiki Bruno,LAT,Cruzeiro,São Paulo,CASA,13.2,13.2,4.635078160280319,False,False,False,
22,97867,Léo Ortiz,ZAG,Flamengo,Grêmio,CASA,-0.8,-0.8,4.841407631678087,False,False,False,
22,83528,Léo Pereira,ZAG,Flamengo,Grêmio,CASA,7.2,7.2,4.789806539688978,False,False,False,
22,87863,Arrascaeta,MEI,Flamengo,Grêmio,CASA,9.0,9.0,6.378597849017862,False,False,False,
22,96610,Matheus Pereira,MEI,Cruzeiro,São Paulo,CASA,10.9,10.9,4.906351562991308,False,False,False,
22,70592,Felipe Anderson,MEI,Palmeiras,Corinthians,FORA,6.0,6.0,3.66055900140393,False,False,False,
22,98873,Samuel Lino,ATA,Flamengo,Grêmio,CASA,9.75,6.5,7.652622723001677,True,False,False,
22,94583,Pedro,ATA,Flamengo,Grêmio,CASA,9.1,9.1,6.470628701971224,False,False,False,
22,108713,Galeano,ATA,CEA,Juventude,CASA,1.6,1.6,5.602932511518095,False,True,True,Kaio Jorge
22,139076,Filipe Luís,TEC,Flamengo,Grêmio,CASA,4.71,4.71,7.049178458938433,False,False,False,
23,68928,Rafael,GOL,São Paulo,Botafogo,CASA,7.6,7.6,4.274536417523615,False,False,False,
23,112709,Kaiki Bruno,LAT,Cruzeiro,Bahia,FORA,7.2,7.2,4.74076571796288,False,False,False,
23,91706,Marlon,LAT,Grêmio,MIR,CASA,4.7,4.7,4.662657476409211,False,False,False,
23,83528,Léo Pereira,ZAG,Flamengo,Juventude,FORA,6.5,6.5,4.274707259216944,False,False,False,
23,71684,Gustavo Gómez,ZAG,Palmeiras,Internacional,CASA,3.6,3.6,3.668851023772075,False,False,False,
23,87863,Arrascaeta,MEI,Flamengo,Juventude,FORA,14.0,14.0,5.72187321143264,False,False,False,
23,87999,Gustavo Scarpa,MEI,Atlético-MG,Santos,CASA,5.5,5.5,4.26670931306937,False,False,False,
23,70592,Felipe Anderson,MEI,Palmeiras,Internacional,CASA,6.7,6.7,4.155528490144401,False,False,False,
23,98873,Samuel Lino,ATA,Flamengo,Juventude,FORA,3.4499999999999997,2.3,6.9698286566762055,True,False,False,
23,114802,Vitor Roque,ATA,Palmeiras,Internacional,CASA,25.9,25.9,6.083018464275461,False,False,False,
23,113103,Flaco López,ATA,Palmeiras,Internacional,CASA,4.5,4.5,5.839593579324807,False,True,True,Pedro
23,110506,Abel Ferreira,TEC,Palmeiras,Internacional,CASA,8.82,8.82,6.07524329310345,False,False,False,
24,99552,Rossi,GOL,Flamengo,Vasco,CASA,2.9,2.9,4.399475003732506,False,False,False,
24,82775,Lucas Ramon,LAT,MIR,Juventude,CASA,5.5,5.5,5.169848350997529,False,False,False,
24,89275,William,LAT,Cruzeiro,Bragantino,CASA,-0.3,-0.3,5.115336022622963,False,False,False,
24,83528,Léo Pereira,ZAG,Flamengo,Vasco,CASA,0.0,0.0,4.5877214046936565,False,False,False,
24,132553,Jemmes,ZAG,MIR,Juventude,CASA,9.2,9.2,3.6367794298530893,False,True,False,Gustavo Gómez
24,87863,Arrascaeta,MEI,Flamengo,Vasco,CASA,-0.5,-0.5,5.862847110986659,False,False,False,
24,96610,Matheus Pereira,MEI,Cruzeiro,Bragantino,CASA,1.2,1.2,5.542486850523403,False,False,False,
24,70592,Felipe Anderson,MEI,Palmeiras,Fortaleza,CASA,5.5,5.5,4.6238149762242005,False,True,False,Lucas Evangelista
24,98873,Samuel Lino,ATA,Flamengo,Vasco,CASA,1.7,1.7,7.379158292576715,False,False,False,
24,113103,Flaco López,ATA,Palmeiras,Fortaleza,CASA,3.3000000000000003,2.2,6.717700909271949,True,True,True,Vitor Roque
24,94583,Pedro,ATA,Flamengo,Vasco,CASA,2.8,2.8,6.676620283243318,False,False,False,
24,110506,Abel Ferreira,TEC,Palmeiras,Fortaleza,CASA,8.4,8.4,6.881567732458416,False,False,False,
25,99552,Rossi,GOL,Flamengo,Corinthians,FORA,10.4,10.4,5.087182047174207,False,False,False,
25,112709,Kaiki Bruno,LAT,Cruzeiro,Vasco,FORA,2.7,2.7,5.37604122045413,False,False,False,
25,91706,Marlon,LAT,Grêmio,Vitória,CASA,0.7,0.7,5.052719574209832,False,False,False,
25,104075,Sabino,ZAG,São Paulo,CEA,CASA,0.2,0.2,4.292215038640892,False,False,False,
25,83528,Léo Pereira,ZAG,Flamengo,Corinthians,FORA,-1.0,-1.0,3.6606513495620705,False,False,False,
25,87863,Arrascaeta,MEI,Flamengo,Corinthians,FORA,13.2,13.2,6.271845049431626,False,False,False,
25,70592,Felipe Anderson,MEI,Palmeiras,Bahia,FORA,6.2,6.2,3.9605753071454872,False,False,False,
25,68899,Philippe Coutinho,MEI,Vasco,Cruzeiro,CASA,2.4,2.4,3.9216859095581085,False,False,False,
25,114802,Vitor Roque,ATA,Palmeiras,Bahia,FORA,2.4000000000000004,1.6,6.561645573233791,True,False,False,
25,122486,Rayan,ATA,Vasco,Cruzeiro,CASA,14.1,14.1,5.497814406439751,False,False,False,
25,112886,Lucas Barbosa,ATA,Bragantino,Santos,CASA,17.2,17.2,4.634588670636191,False,True,True,Samuel Lino
25,139076,Filipe Luís,TEC,Flamengo,Corinthians,FORA,5.9,5.9,6.237727184928496,False,False,False,
26,99552,Rossi,GOL,Flamengo,Cruzeiro,CASA,11.5,11.5,4.437193512246784,False,False,False,
26,78850,Reinaldo,LAT,MIR,Bragantino,CASA,12.1,12.1,5.649337006391175,False,False,False,
26,82775,Lucas Ramon,LAT,MIR,Bragantino,CASA,0.2,0.2,4.7591821433536605,False,False,False,
26,132553,Jemmes,ZAG,MIR,Bragantino,CASA,2.8,2.8,4.273056921539372,False,False,False,
26,71684,Gustavo Gómez,ZAG,Palmeiras,Vasco,CASA,6.5,6.5,4.237733459543774,False,False,False,
26,87863,Arrascaeta,MEI,Flamengo,Cruzeiro,CASA,4.0,4.0,7.8364377491583115,False,False,False,
26,89274,Andreas Pereira,MEI,Palmeiras,Vasco,CASA,2.5,2.5,4.993901627275284,False,False,False,
26,105436,Carrascal,MEI,Flamengo,Cruzeiro,CASA,3.4,3.4,4.70494596245988,False,True,True,Alan Patrick
26,114802,Vitor Roque,ATA,Palmeiras,Vasco,CASA,16.799999999999997,11.2,8.175308640382696,True,False,False,
26,113103,Flaco López,ATA,Palmeiras,Vasco,CASA,25.2,25.2,7.192653625507552,False,False,False,
26,98873,Samuel Lino,ATA,Flamengo,Cruzeiro,CASA,4.2,4.2,4.962676285453824,False,False,False,
26,110506,Abel Ferreira,TEC,Palmeiras,Vasco,CASA,9.24,9.24,6.923164363379991,False,False,False,
27,71631,Weverton,GOL,Palmeiras,São Paulo,FORA,1.9,1.9,4.427906122130387,False,False,False,
27,112709,Kaiki Bruno,LAT,Cruzeiro,SPT,CASA,8.8,8.8,5.1964882306809885,False,False,False,
27,101727,Matheuzinho,LAT,Corinthians,MIR,CASA,9.3,9.3,4.822303273439035,False,False,False,
27,106593,Villalba,ZAG,Cruzeiro,SPT,CASA,2.7,2.7,2.896853272412302,False,False,False,
27,105258,Gastón Ávila,ZAG,Fortaleza,Juventude,FORA,6.5,6.5,2.822251702642944,False,True,False,Léo Pereira
27,87863,Arrascaeta,MEI,Flamengo,Bahia,FORA,2.25,1.5,6.203996345463201,True,False,False,
27,68685,Alan Patrick,MEI,Internacional,Botafogo,CASA,8.2,8.2,5.200162343617177,False,False,False,
27,105436,Carrascal,MEI,Flamengo,Bahia,FORA,0.7,0.7,4.9540647282185,False,False,False,
27,114802,Vitor Roque,ATA,Palmeiras,São Paulo,FORA,13.5,13.5,5.794777182142382,False,False,False,
27,122486,Rayan,ATA,Vasco,Vitória,CASA,20.6,20.6,5.420478395294459,False,False,False,
27,112886,Lucas Barbosa,ATA,Bragantino,Grêmio,CASA,1.2,1.2,5.197454152616704,False,True,True,Kaio Jorge
27,88963,Leonardo Jardim,TEC,Cruzeiro,SPT,CASA,5.57,5.57,6.3047045757583104,False,False,False,
28,71631,Weverton,GOL,Palmeiras,Bragantino,CASA,0.8,0.8,4.710527158947228,False,False,False,
28,78850,Reinaldo,LAT,MIR,Internacional,CASA,15.1,15.1,5.127695615973239,False,False,False,
28,113078,Mancuso,LAT,Fortaleza,Vasco,CASA,4.7,4.7,4.768898970801536,False,False,False,
28,132553,Jemmes,ZAG,MIR,Internacional,CASA,0.1,0.1,3.3285611821329693,False,False,False,
28,97653,Murilo,ZAG,Palmeiras,Bragantino,CASA,3.7,3.7,3.1539654323585697,False,True,False,Gustavo Gómez
28,87863,Arrascaeta,MEI,Flamengo,Botafogo,FORA,8.3,8.3,4.475112153526122,False,False,False,
28,70592,Felipe Anderson,MEI,Palmeiras,Bragantino,CASA,11.5,11.5,3.9112778069091974,False,False,False,
28,82455,Zé Rafael,MEI,Santos,Corinthians,CASA,13.4,13.4,3.8505213538237446,False,False,False,
28,113103,Flaco López,ATA,Palmeiras,Bragantino,CASA,15.299999999999999,10.2,7.671972841244801,True,False,False,
28,114802,Vitor Roque,ATA,Palmeiras,Bragantino,CASA,25.8,25.8,6.828451814459379,False,False,False,
28,122486,Rayan,ATA,Vasco,Fortaleza,FORA,9.7,9.7,5.736518487543289,False,False,False,
28,110506,Abel Ferreira,TEC,Palmeiras,Bragantino,CASA,10.14,10.14,6.89276554152312,False,False,False,
29,91101,Ronaldo,GOL,Bahia,Grêmio,CASA,7.6,7.6,4.102189985154056,False,False,False,
29,78850,Reinaldo,LAT,MIR,São Paulo,CASA,21.0,21.0,5.388964738359877,False,False,False,
29,101727,Matheuzinho,LAT,Corinthians,Atlético-MG,CASA,4.9,4.9,4.404758039002212,False,False,False,
29,84847,Luan Peres,ZAG,Santos,Vitória,CASA,2.6,2.6,2.9276430054593847,False,False,False,
29,83528,Léo Pereira,ZAG,Flamengo,Palmeiras,CASA,1.5,1.5,2.746614284634574,False,False,False,
29,102256,Rollheiser,MEI,Santos,Vitória,CASA,2.8,2.8,4.966705805835889,False,True,True,Matheus Pereira
29,82455,Zé Rafael,MEI,Santos,Vitória,CASA,3.8,3.8,4.9399996921223845,False,False,False,
29,126471,Barreal,MEI,Santos,Vitória,CASA,4.6,4.6,4.478899980094662,False,False,False,
29,122486,Rayan,ATA,Vasco,Fluminense,CASA,16.35,10.9,5.940388597925982,True,False,False,
29,94583,Pedro,ATA,Flamengo,Palmeiras,CASA,17.3,17.3,5.586274423558686,False,False,False,
29,118775,Lautaro Díaz,ATA,Santos,Vitória,CASA,0.7,0.7,4.896460520852158,False,False,False,
29,88963,Leonardo Jardim,TEC,Cruzeiro,Fortaleza,CASA,8.03,8.03,6.825523091545049,False,False,False,
30,87008,Léo Jardim,GOL,Vasco,Bragantino,FORA,6.3,6.3,4.217921301108203,False,False,False,
30,93716,Paulo Henrique,LAT,Vasco,Bragantino,FORA,14.2,14.2,4.54191144892019,False,False,False,
30,104758,Enzo Díaz,LAT,São Paulo,Bahia,CASA,12.3,12.3,4.2617081516847355,False,False,False,
30,71684,Gustavo Gómez,ZAG,Palmeiras,Cruzeiro,CASA,4.3,4.3,3.669921414879139,False,False,False,
30,37715,Thiago Silva,ZAG,Fluminense,Internacional,CASA,6.5,6.5,3.0524073233325235,False,False,False,
30,87863,Arrascaeta,MEI,Flamengo,Fortaleza,FORA,5.4,3.6,6.6853986783786254,True,False,False,
30,70592,Felipe Anderson,MEI,Palmeiras,Cruzeiro,CASA,1.7,1.7,4.2720204305674905,False,False,False,
30,105214,Santiago Rodríguez,MEI,Botafogo,Santos,CASA,4.4,4.4,4.097493468796293,False,False,False,
30,114802,Vitor Roque,ATA,Palmeiras,Cruzeiro,CASA,3.1,3.1,6.514680282339153,False,False,False,
30,113103,Flaco López,ATA,Palmeiras,Cruzeiro,CASA,2.7,2.7,5.749624604171622,False,False,False,
30,132071,Serna,ATA,Fluminense,Internacional,CASA,9.9,9.9,4.362454665803163,False,True,True,Chris Ramos
30,110506,Abel Ferreira,TEC,Palmeiras,Cruzeiro,CASA,6.09,6.09,6.230080379743774,False,False,False,
31,87008,Léo Jardim,GOL,Vasco,São Paulo,CASA,3.2,3.2,4.501046344227572,False,False,False,
31,105531,Matheus Bidu,LAT,Corinthians,Grêmio,CASA,5.2,5.2,4.559417277901455,False,False,False,
31,112709,Kaiki Bruno,LAT,Cruzeiro,Vitória,CASA,7.1,7.1,4.493778921954045,False,True,False,Reinaldo
31,106593,Villalba,ZAG,Cruzeiro,Vitória,CASA,0.0,0.0,3.432286278443961,False,False,False,
31,97653,Murilo,ZAG,Palmeiras,Juventude,FORA,6.8,6.8,3.1897596755610356,False,True,False,Gustavo Gómez
31,87863,Arrascaeta,MEI,Flamengo,SPT,CASA,9.7,9.7,5.549196163791778,False,False,False,
31,126471,Barreal,MEI,Santos,Fortaleza,CASA,2.0,2.0,4.670225620226343,False,False,False,
31,70592,Felipe Anderson,MEI,Palmeiras,Juventude,FORA,10.3,10.3,4.414103535170619,False,True,False,Raniele
31,113103,Flaco López,ATA,Palmeiras,Juventude,FORA,0.0,0.0,7.061110051239278,False,False,False,
31,122486,Rayan,ATA,Vasco,São Paulo,CASA,5.0,5.0,5.754399431028189,False,False,False,
31,82627,Luiz Araújo,ATA,Flamengo,SPT,CASA,-1.35,-0.9,5.511720415166642,True,True,True,Vitor Roque
31,139076,Filipe Luís,TEC,Flamengo,SPT,CASA,9.22,9.22,6.558442364584801,False,False,False,
32,91101,Ronaldo,GOL,Bahia,Atlético-MG,FORA,1.7,1.7,4.183025653130118,False,False,False,
32,96870,Emerson Royal,LAT,Flamengo,São Paulo,FORA,6.6,6.6,4.714888405691217,False,False,False,
32,78445,Renê,LAT,Fluminense,MIR,CASA,7.5,7.5,4.257335528889062,False,False,False,
32,78248,Gustavo Henrique,ZAG,Corinthians,Bragantino,FORA,-1.9,-1.9,3.132227498651514,False,False,False,
32,101908,Willian Machado,ZAG,CEA,Fortaleza,CASA,3.0,3.0,2.9794620942600396,False,False,False,
32,87863,Arrascaeta,MEI,Flamengo,São Paulo,FORA,9.8,9.8,5.688012629604053,False,False,False,
32,96610,Matheus Pereira,MEI,Cruzeiro,Grêmio,FORA,0.2,0.2,3.565783278318179,False,False,False,
32,84558,Lucas Romero,MEI,Cruzeiro,Grêmio,FORA,3.4,3.4,3.4904397122838184,False,False,False,
32,114802,Vitor Roque,ATA,Palmeiras,Santos,CASA,30.299999999999997,20.2,7.585268704782752,True,False,False,
32,113103,Flaco López,ATA,Palmeiras,Santos,CASA,10.5,10.5,5.247848387855748,False,False,False,
32,93411,Cantalapiedra,ATA,Vitória,Internacional,CASA,4.4,4.4,4.306927335464433,False,True,True,Carlos Vinícius
32,110506,Abel Ferreira,TEC,Palmeiras,Santos,CASA,10.24,10.24,6.926810826271308,False,False,False,
