rodada,atleta_id,apelido,posicao,clube,clube adversario,mando,pontos,pontos_previstos,reserva,substituiu_atleta_id,substituiu_apelido
10,104084,Carlos Miguel,GOL,Palmeiras,Bahia,FORA,4.7,4.104280126003359,False,,
10,116065,Cuiabano,LAT,Vasco,Botafogo,CASA,3.2,6.424328947059192,False,,
10,106708,Igor Formiga,LAT,MIR,Bragantino,CASA,5.0,5.192028847070966,False,,
10,97867,Léo Ortiz,ZAG,Flamengo,Santos,CASA,1.4,4.2890835194356445,False,,
10,101393,Eduardo Doma,ZAG,CHA,Vitória,CASA,4.7,3.997698654505347,False,,
10,94930,Lucas Paquetá,MEI,Flamengo,Santos,CASA,8.2,6.4532049625619425,False,,
10,89274,Andreas Pereira,MEI,Palmeiras,Bahia,FORA,2.6,5.295176517291738,False,,
10,105436,Carrascal,MEI,Flamengo,Santos,CASA,10.6,4.5582203439481255,False,,
10,105563,Carlos Vinícius,ATA,Grêmio,REM,CASA,2.8,8.368353579503264,False,,
10,94583,Pedro,ATA,Flamengo,Santos,CASA,9.0,7.260308985029906,False,,
10,98873,Samuel Lino,ATA,Flamengo,Santos,CASA,2.5,6.486250907582927,False,,
10,88963,Leonardo Jardim,TEC,Flamengo,Santos,CASA,6.89,7.139223483115182,False,,
11,68928,Rafael,GOL,São Paulo,Vitória,FORA,3.2,5.255087563167653,False,,
11,116065,Cuiabano,LAT,Vasco,REM,FORA,5.8,5.641828735475591,False,,
11,112709,Kaiki Bruno,LAT,Cruzeiro,Bragantino,CASA,5.1,5.307142914477738,False,,
11,90768,Fabrício Bruno,ZAG,Cruzeiro,Bragantino,CASA,1.5,3.9423777142481677,False,,
11,93368,Lucas Veríssimo,ZAG,Santos,Atlético-MG,CASA,7.7,3.6830740687308494,False,,
11,104502,Christian,MEI,Cruzeiro,Bragantino,CASA,9.7,4.425217603230192,False,,
11,94930,Lucas Paquetá,MEI,Flamengo,Fluminense,FORA,2.7,4.208406796728838,False,,
11,125746,Dudu,MEI,Athlético-PR,CHA,CASA,2.2,3.9241907933210505,True,99815.0,Arias
11,95131,Gabriel Taliari,ATA,REM,Vasco,CASA,2.9,5.962763759134524,False,,
11,112886,Lucas Barbosa,ATA,Bragantino,Cruzeiro,FORA,2.8,5.168824853587043,False,,
11,116706,Andrés Gómez,ATA,Vasco,REM,FORA,10.8,4.88826360996029,False,,
11,104027,Rafael Guanaes,TEC,MIR,Bahia,CASA,2.18,6.182860899894466,False,,
12,104084,Carlos Miguel,GOL,Palmeiras,Athlético-PR,CASA,8.9,5.1351417890751705,False,,
12,94968,Juninho Capixaba,LAT,Bragantino,REM,CASA,0.1,5.57535089804795,False,,
12,105531,Matheus Bidu,LAT,Corinthians,Vitória,FORA,11.7,5.041784539226663,False,,
12,97878,Jacy,ZAG,Coritiba,Atlético-MG,CASA,7.9,4.722009703912118,False,,
12,106593,Villalba,ZAG,Cruzeiro,Grêmio,CASA,-1.0,3.4550379073732906,False,,
12,104502,Christian,MEI,Cruzeiro,Grêmio,CASA,9.5,4.31326795923709,False,,
12,89274,Andreas Pereira,MEI,Palmeiras,Athlético-PR,CASA,1.8,3.8672783141417963,False,,
12,141451,Allan,MEI,Palmeiras,Athlético-PR,CASA,5.0,3.688073649181933,True,93790.0,Marlon Freitas
12,112886,Lucas Barbosa,ATA,Bragantino,REM,CASA,1.8,6.626013114951102,False,,
12,94583,Pedro,ATA,Flamengo,Bahia,CASA,7.9,6.034999470555965,False,,
12,116706,Andrés Gómez,ATA,Vasco,São Paulo,CASA,16.9,5.970198031671328,False,,
12,39850,Vagner Mancini,TEC,Bragantino,REM,CASA,5.25,6.825513290185538,False,,
13,71631,Weverton,GOL,Grêmio,Coritiba,CASA,10.7,4.738667214805656,False,,
13,107093,Luciano Juba,LAT,Bahia,Santos,CASA,10.5,6.0216391726565215,False,,
13,105531,Matheus Bidu,LAT,Corinthians,Vasco,CASA,17.8,5.6967448394058,False,,
13,132553,Jemmes,ZAG,Fluminense,CHA,CASA,1.2,4.440218235607345,False,,
13,130843,Arthur Dias,ZAG,Athlético-PR,Vitória,CASA,2.5,3.366954938600297,True,91772.0,David Duarte
13,98672,Savarino,MEI,Fluminense,CHA,CASA,13.1,7.290024617296609,False,,
13,116447,Hércules,MEI,Fluminense,CHA,CASA,5.7,6.8841444519491,False,,
13,104502,Christian,MEI,Cruzeiro,REM,FORA,0.9,5.387249657793969,False,,
13,102928,Canobbio,ATA,Fluminense,CHA,CASA,10.4,6.254795680515906,False,,
13,89840,Calleri,ATA,São Paulo,MIR,CASA,2.7,5.939737867483737,False,,
13,106104,Enamorado,ATA,Grêmio,Coritiba,CASA,6.1,5.839966530004318,False,,
13,99366,Luis Zubeldía,TEC,Fluminense,CHA,CASA,7.04,8.031517095793234,False,,
14,99552,Rossi,GOL,Flamengo,Vasco,CASA,1.9,4.614421500051142,False,,
14,80570,Wendell,LAT,São Paulo,Bahia,CASA,8.9,5.228453427221109,False,,
14,105531,Matheus Bidu,LAT,Corinthians,MIR,FORA,1.0,4.812998943390544,False,,
14,102340,Cacá,ZAG,Vitória,Coritiba,CASA,-0.3,3.5174146806352073,False,,
14,71684,Gustavo Gómez,ZAG,Palmeiras,Santos,CASA,0.7,3.4326896361556654,False,,
14,107231,Danilo,MEI,Botafogo,REM,CASA,5.3,8.444216480417413,False,,
14,109987,Medina,MEI,Botafogo,REM,CASA,2.9,5.7088992138501835,False,,
14,103388,Emmanuel Martínez,MEI,Vitória,Coritiba,CASA,3.9,4.601094356682617,False,,
14,94583,Pedro,ATA,Flamengo,Vasco,CASA,11.8,6.939537134337613,False,,
14,98873,Samuel Lino,ATA,Flamengo,Vasco,CASA,2.2,6.735415281876533,False,,
14,111831,Matheus Martins,ATA,Botafogo,REM,CASA,6.5,6.087641407117752,False,,
14,88963,Leonardo Jardim,TEC,Flamengo,Vasco,CASA,3.78,6.335571474347859,False,,
15,99552,Rossi,GOL,Flamengo,Grêmio,FORA,8.9,4.919744277431362,False,,
15,105531,Matheus Bidu,LAT,Corinthians,São Paulo,CASA,2.8,7.197640274040018,False,,
15,101319,Guga,LAT,Fluminense,Vitória,CASA,0.5,5.054074207034043,False,,
15,97878,Jacy,ZAG,Coritiba,Internacional,CASA,5.7,3.8494008637808927,False,,
15,117330,Robert Renan,ZAG,Vasco,Athlético-PR,CASA,6.4,3.1380193021437752,False,,
15,102256,Rollheiser,MEI,Santos,Bragantino,CASA,0.6,5.336607872431086,False,,
15,98517,Jean Lucas,MEI,Bahia,Cruzeiro,CASA,3.9,4.51441384273657,False,,
15,99815,Arias,MEI,Palmeiras,REM,FORA,2.0,3.992306286498975,True,116447.0,Hércules
15,94583,Pedro,ATA,Flamengo,Grêmio,FORA,0.4,6.197070759204307,False,,
15,113103,Flaco López,ATA,Palmeiras,REM,FORA,4.4,6.0307952567664636,False,,
15,98909,Cuello,ATA,Atlético-MG,Botafogo,CASA,7.7,5.80332781761814,False,,
15,104027,Rafael Guanaes,TEC,MIR,CHA,CASA,4.75,6.1981580078801715,False,,
