rodada,posicao,mae_predicao
10,GOL,1.0916364919143415
10,LAT,2.179206699596076
10,ZAG,1.5692018545563744
10,MEI,1.5195799564197354
10,ATA,1.6593384043210246
10,TEC,1.9740741467747807
11,GOL,1.0628564715367683
11,LAT,2.2259922322720698
11,ZAG,1.5465675285404088
11,MEI,1.4800451399372294
11,ATA,1.736507140424339
11,TEC,2.086956646234698
12,GOL,1.0324896795455032
12,LAT,2.235249128423603
12,ZAG,1.458666085626031
12,MEI,1.4744712838247762
12,ATA,1.7994172130962471
12,TEC,2.069013302042197
13,GOL,1.0207390085615848
13,LAT,2.054312399868646
13,ZAG,1.4165011434116523
13,MEI,1.4801988677059799
13,ATA,1.7499254091512404
13,TEC,1.760083185615663
14,GOL,1.1093186514975673
14,LAT,2.0280328422568608
14,ZAG,1.4150203592170911
14,MEI,1.5306277241578556
14,ATA,1.7540283145312572
14,TEC,1.52860840536338
15,GOL,1.1211054713817448
15,LAT,1.8881173033712684
15,ZAG,1.496582853713422
15,MEI,1.6071381489747003
15,ATA,1.8476377328384177
15,TEC,1.5164407029191156
